{
    "Direct LLM only": {
        "em": 0.02,
        "f1": 0.03201131911566694,
        "prec": 0.03230876551553022,
        "recall": 0.036116666666666665,
        "sp_em": 0.0,
        "sp_f1": 0.0,
        "sp_prec": 0.0,
        "sp_recall": 0.0,
        "joint_em": 0.0,
        "joint_f1": 0.0,
        "joint_prec": 0.0,
        "joint_recall": 0.0
    },
    "Retriever only": {
        "em": 0.204,
        "f1": 0.2816959727573088,
        "prec": 0.2845104292377339,
        "recall": 0.3266648809523809,
        "sp_em": 0.061,
        "sp_f1": 0.38561111111111046,
        "sp_prec": 0.4225,
        "sp_recall": 0.36343571428571403,
        "joint_em": 0.029,
        "joint_f1": 0.1469179362841411,
        "joint_prec": 0.16158261027602677,
        "joint_recall": 0.1609657738095238
    },
    "Retriever + Query Rewriter": {
        "em": 0.203,
        "f1": 0.27750931453976485,
        "prec": 0.28167923289828983,
        "recall": 0.3164386904761904,
        "sp_em": 0.057,
        "sp_f1": 0.38414444444444384,
        "sp_prec": 0.4435,
        "sp_recall": 0.35351904761904723,
        "joint_em": 0.028,
        "joint_f1": 0.1456297871249675,
        "joint_prec": 0.16657378327386518,
        "joint_recall": 0.15328125
    },
    "Retriever + Reranker": {
        "em": 0.219,
        "f1": 0.30638602345176646,
        "prec": 0.3075147611891129,
        "recall": 0.35567499999999996,
        "sp_em": 0.115,
        "sp_f1": 0.4710761904761902,
        "sp_prec": 0.518,
        "sp_recall": 0.4429619047619046,
        "joint_em": 0.061,
        "joint_f1": 0.1924260956618555,
        "joint_prec": 0.2099400227118775,
        "joint_recall": 0.20997083333333325
    },
    "Retriever + Reranker + Query Rewriter": {
        "em": 0.217,
        "f1": 0.29898508549167685,
        "prec": 0.3002521707655183,
        "recall": 0.34546666666666664,
        "sp_em": 0.084,
        "sp_f1": 0.46197698412698457,
        "sp_prec": 0.5795,
        "sp_recall": 0.4061690476190472,
        "joint_em": 0.045,
        "joint_f1": 0.1808709794231472,
        "joint_prec": 0.21859345070930813,
        "joint_recall": 0.18493611111111116
    }
}