{
    "Direct LLM only": {
        "em": 0.002,
        "f1": 0.0086813986779504,
        "prec": 0.007145928924876294,
        "recall": 0.014226190476190474,
        "sp_em": 0.0,
        "sp_f1": 0.0,
        "sp_prec": 0.0,
        "sp_recall": 0.0,
        "joint_em": 0.0,
        "joint_f1": 0.0,
        "joint_prec": 0.0,
        "joint_recall": 0.0
    },
    "Retriever + Query Rewriter": {
        "em": 0.123,
        "f1": 0.19698510808606504,
        "prec": 0.19887612222888254,
        "recall": 0.2365507936507936,
        "sp_em": 0.061,
        "sp_f1": 0.38561111111111046,
        "sp_prec": 0.4225,
        "sp_recall": 0.36343571428571403,
        "joint_em": 0.019,
        "joint_f1": 0.10441366349260173,
        "joint_prec": 0.11385559358197375,
        "joint_recall": 0.11739642857142857
    },
    "Retriever + Reranker": {
        "em": 0.139,
        "f1": 0.21388103614404413,
        "prec": 0.21478058825887578,
        "recall": 0.25450972222222223,
        "sp_em": 0.115,
        "sp_f1": 0.4710761904761902,
        "sp_prec": 0.518,
        "sp_recall": 0.4429619047619046,
        "joint_em": 0.041,
        "joint_f1": 0.1366656149263243,
        "joint_prec": 0.1490730247140707,
        "joint_recall": 0.1514120039682539
    },
    "Retriever + Reranker + Query Rewriter": {
        "em": 0.13,
        "f1": 0.2121781473339631,
        "prec": 0.21290739781635928,
        "recall": 0.25476785714285716,
        "sp_em": 0.115,
        "sp_f1": 0.4710761904761902,
        "sp_prec": 0.518,
        "sp_recall": 0.4429619047619046,
        "joint_em": 0.035,
        "joint_f1": 0.13739416938161075,
        "joint_prec": 0.15201336282518052,
        "joint_recall": 0.1533285714285714
    }
}