{
    "Direct LLM only": {
        "em": 0.002,
        "f1": 0.0052,
        "prec": 0.005333333333333333,
        "recall": 0.005333333333333333,
        "sp_em": 0.0,
        "sp_f1": 0.0,
        "sp_prec": 0.0,
        "sp_recall": 0.0,
        "joint_em": 0.0,
        "joint_f1": 0.0,
        "joint_prec": 0.0,
        "joint_recall": 0.0
    },
    "Retriever only": {
        "em": 0.112,
        "f1": 0.18906063187397143,
        "prec": 0.18603921411921406,
        "recall": 0.23490952380952382,
        "sp_em": 0.0,
        "sp_f1": 0.18898754578754617,
        "sp_prec": 0.11820000000000071,
        "sp_recall": 0.49680000000000013,
        "joint_em": 0.0,
        "joint_f1": 0.04933336197466167,
        "joint_prec": 0.030847539623774883,
        "joint_recall": 0.16513968253968253
    },
    "Retriever + Query Rewriter": {
        "em": 0.098,
        "f1": 0.17029812920808746,
        "prec": 0.170424794722821,
        "recall": 0.2101634920634921,
        "sp_em": 0.0,
        "sp_f1": 0.1923553779553784,
        "sp_prec": 0.1223206349206357,
        "sp_recall": 0.47890000000000027,
        "joint_em": 0.0,
        "joint_f1": 0.04640571371191394,
        "joint_prec": 0.029606346192445787,
        "joint_recall": 0.14283174603174606
    },
    "Retriever + Reranker": {
        "em": 0.142,
        "f1": 0.2166805544591262,
        "prec": 0.21255025594814272,
        "recall": 0.2684063492063492,
        "sp_em": 0.0,
        "sp_f1": 0.1998139194139198,
        "sp_prec": 0.1250000000000008,
        "sp_recall": 0.5250999999999999,
        "joint_em": 0.0,
        "joint_f1": 0.05744730293318513,
        "joint_prec": 0.0360198218595716,
        "joint_recall": 0.19089365079365078
    },
    "Retriever + Reranker + Query Rewriter": {
        "em": 0.11,
        "f1": 0.19251663630337737,
        "prec": 0.1833788186873326,
        "recall": 0.25075238095238095,
        "sp_em": 0.0,
        "sp_f1": 0.21319232989233056,
        "sp_prec": 0.13804365079365127,
        "sp_recall": 0.5110333333333333,
        "joint_em": 0.0,
        "joint_f1": 0.057215247016127894,
        "joint_prec": 0.036859942477338516,
        "joint_recall": 0.1814261904761905
    }
}